sido,gu,dong,total,children_fewer14,older_more65
서울특별시,종로구,사직동,"9,546 ",974 ,"1,756 "
서울특별시,종로구,삼청동,"2,836 ",221 ,621 
서울특별시,종로구,부암동,"10,149 ",923 ,"1,736 "
서울특별시,종로구,평창동,"18,951 ","1,831 ","3,144 "
서울특별시,종로구,무악동,"8,215 ","1,068 ","1,307 "
서울특별시,종로구,교남동,"10,701 ","1,272 ","1,478 "
서울특별시,종로구,가회동,"4,429 ",357 ,893 
서울특별시,종로구,종로1.2.3.4가동,"7,420 ",314 ,"1,838 "
서울특별시,종로구,종로5·6가동,"5,225 ",209 ,"1,088 "
서울특별시,종로구,이화동,"8,083 ",490 ,"1,339 "
서울특별시,종로구,창신1동,"5,364 ",273 ,"1,158 "
서울특별시,종로구,창신2동,"8,780 ",488 ,"1,649 "
서울특별시,종로구,창신3동,"7,254 ",664 ,"1,132 "
서울특별시,종로구,숭인1동,"6,376 ",506 ,"1,144 "
서울특별시,종로구,숭인2동,"9,608 ",467 ,"1,593 "
서울특별시,종로구,청운효자동,"13,045 ","1,456 ","2,149 "
서울특별시,종로구,혜화동,"17,083 ","1,286 ","2,547 "
서울특별시,중구,소공동,"2,033 ",234 ,227 
서울특별시,중구,회현동,"5,337 ",295 ,"1,332 "
서울특별시,중구,명동,"2,839 ",165 ,677 
서울특별시,중구,필동,"4,003 ",279 ,783 
서울특별시,중구,장충동,"4,722 ",309 ,767 
서울특별시,중구,광희동,"4,929 ",224 ,"1,097 "
서울특별시,중구,을지로동,"1,716 ",55 ,448 
서울특별시,중구,신당5동,"9,358 ",794 ,"1,513 "
서울특별시,중구,황학동,"12,373 ",944 ,"1,776 "
서울특별시,중구,중림동,"12,648 ","1,373 ","1,872 "
서울특별시,중구,신당동,"7,716 ",393 ,"1,270 "
서울특별시,중구,다산동,"14,600 ",960 ,"2,420 "
서울특별시,중구,약수동,"17,756 ","1,717 ","3,390 "
서울특별시,중구,청구동,"14,652 ","1,278 ","2,504 "
서울특별시,중구,동화동,"11,043 ","1,173 ","1,674 "
서울특별시,용산구,후암동,"18,144 ","1,656 ","2,908 "
서울특별시,용산구,용산2가동,"10,689 ",716 ,"1,998 "
서울특별시,용산구,남영동,"7,821 ",334 ,"1,533 "
서울특별시,용산구,원효로2동,"14,912 ","1,634 ","2,286 "
서울특별시,용산구,효창동,"8,944 ",928 ,"1,285 "
서울특별시,용산구,용문동,"12,625 ","1,244 ","1,953 "
서울특별시,용산구,이촌1동,"28,302 ","4,215 ","4,259 "
서울특별시,용산구,이촌2동,"8,990 ",830 ,"1,666 "
서울특별시,용산구,이태원1동,"7,042 ",400 ,"1,494 "
서울특별시,용산구,이태원2동,"9,463 ",701 ,"1,810 "
서울특별시,용산구,서빙고동,"13,502 ","1,437 ","2,014 "
서울특별시,용산구,보광동,"14,858 ",828 ,"2,651 "
서울특별시,용산구,청파동,"20,105 ","1,242 ","3,211 "
서울특별시,용산구,원효로1동,"15,421 ","1,731 ","1,818 "
서울특별시,용산구,한강로동,"17,667 ","1,228 ","2,909 "
서울특별시,용산구,한남동,"20,514 ","1,535 ","3,417 "
서울특별시,성동구,왕십리2동,"17,748 ","1,793 ","2,416 "
서울특별시,성동구,마장동,"23,446 ","2,025 ","3,476 "
서울특별시,성동구,사근동,"11,624 ",707 ,"1,412 "
서울특별시,성동구,행당1동,"16,238 ","1,486 ","2,270 "
서울특별시,성동구,행당2동,"24,986 ","3,107 ","3,382 "
서울특별시,성동구,응봉동,"16,340 ","2,142 ","2,360 "
서울특별시,성동구,금호1가동,"16,087 ","1,789 ","2,298 "
서울특별시,성동구,금호4가동,"15,345 ","1,972 ","2,121 "
서울특별시,성동구,성수1가1동,"17,242 ","1,597 ","1,974 "
서울특별시,성동구,성수1가2동,"15,332 ","1,358 ","1,968 "
서울특별시,성동구,성수2가1동,"17,580 ","1,339 ","2,613 "
서울특별시,성동구,성수2가3동,"11,556 ",899 ,"1,701 "
서울특별시,성동구,송정동,"11,267 ",864 ,"1,606 "
서울특별시,성동구,용답동,"14,569 ",885 ,"2,373 "
서울특별시,성동구,왕십리도선동,"27,345 ","3,186 ","3,362 "
서울특별시,성동구,금호2.3가동,"24,271 ","2,523 ","3,661 "
서울특별시,성동구,옥수동,"27,245 ","3,511 ","3,636 "
서울특별시,광진구,화양동,"21,441 ",730 ,"2,152 "
서울특별시,광진구,군자동,"19,935 ","1,507 ","2,722 "
서울특별시,광진구,중곡1동,"16,043 ","1,193 ","2,226 "
서울특별시,광진구,중곡2동,"22,327 ","2,027 ","2,891 "
서울특별시,광진구,중곡3동,"17,604 ","1,363 ","2,530 "
서울특별시,광진구,중곡4동,"30,782 ","2,544 ","4,407 "
서울특별시,광진구,능동,"11,558 ",859 ,"1,450 "
서울특별시,광진구,구의1동,"22,517 ","1,522 ","2,859 "
서울특별시,광진구,구의2동,"27,558 ","2,945 ","3,861 "
서울특별시,광진구,구의3동,"30,151 ","3,087 ","3,547 "
서울특별시,광진구,광장동,"36,139 ","5,982 ","3,347 "
서울특별시,광진구,자양1동,"23,295 ","1,819 ","3,053 "
서울특별시,광진구,자양2동,"27,038 ","2,708 ","3,466 "
서울특별시,광진구,자양3동,"29,811 ","3,863 ","3,558 "
서울특별시,광진구,자양4동,"19,360 ","1,199 ","3,363 "
서울특별시,동대문구,회기동,"10,356 ",807 ,"1,436 "
서울특별시,동대문구,휘경1동,"12,932 ",808 ,"2,214 "
서울특별시,동대문구,휘경2동,"24,561 ","2,283 ","3,516 "
서울특별시,동대문구,청량리동,"21,838 ","1,501 ","5,018 "
서울특별시,동대문구,용신동,"30,452 ","2,058 ","5,298 "
서울특별시,동대문구,제기동,"25,099 ","1,721 ","5,252 "
서울특별시,동대문구,전농1동,"30,459 ","2,760 ","5,146 "
서울특별시,동대문구,전농2동,"19,946 ","2,144 ","3,341 "
서울특별시,동대문구,답십리1동,"29,048 ","3,672 ","3,660 "
서울특별시,동대문구,답십리2동,"28,670 ","2,664 ","4,889 "
서울특별시,동대문구,장안1동,"38,588 ","3,851 ","5,548 "
서울특별시,동대문구,장안2동,"31,368 ","3,978 ","4,275 "
서울특별시,동대문구,이문1동,"23,287 ","1,599 ","3,881 "
서울특별시,동대문구,이문2동,"21,448 ","2,281 ","3,517 "
서울특별시,중랑구,면목2동,"26,112 ","2,276 ","3,956 "
서울특별시,중랑구,면목4동,"20,422 ","1,778 ","3,391 "
서울특별시,중랑구,면목5동,"9,951 ",847 ,"1,568 "
서울특별시,중랑구,면목7동,"21,960 ","1,677 ","3,700 "
서울특별시,중랑구,상봉1동,"25,466 ","2,776 ","3,290 "
서울특별시,중랑구,상봉2동,"18,921 ","1,190 ","2,639 "
서울특별시,중랑구,중화1동,"20,848 ","2,015 ","3,034 "
서울특별시,중랑구,중화2동,"28,044 ","1,708 ","4,691 "
서울특별시,중랑구,묵1동,"36,069 ","4,015 ","5,124 "
서울특별시,중랑구,묵2동,"20,111 ","1,810 ","3,043 "
서울특별시,중랑구,망우3동,"18,031 ","1,403 ","2,952 "
서울특별시,중랑구,신내1동,"41,126 ","5,662 ","5,835 "
서울특별시,중랑구,신내2동,"22,305 ","2,395 ","3,438 "
서울특별시,중랑구,면목본동,"35,747 ","2,738 ","5,434 "
서울특별시,중랑구,면목3.8동,"26,663 ","1,904 ","4,444 "
서울특별시,중랑구,망우본동,"31,433 ","2,459 ","5,209 "
서울특별시,성북구,돈암1동,"16,296 ","1,495 ","2,602 "
서울특별시,성북구,돈암2동,"25,172 ","3,588 ","3,134 "
서울특별시,성북구,안암동,"15,179 ",815 ,"2,048 "
서울특별시,성북구,보문동,"16,725 ","1,473 ","2,313 "
서울특별시,성북구,정릉1동,"18,058 ","2,110 ","2,815 "
서울특별시,성북구,정릉2동,"24,026 ","2,458 ","4,027 "
서울특별시,성북구,정릉3동,"15,869 ","1,127 ","3,078 "
서울특별시,성북구,정릉4동,"26,817 ","2,883 ","4,426 "
서울특별시,성북구,길음1동,"37,637 ","6,742 ","4,197 "
서울특별시,성북구,길음2동,"11,643 ","1,295 ","1,907 "
서울특별시,성북구,월곡1동,"27,628 ","3,587 ","4,274 "
서울특별시,성북구,월곡2동,"20,118 ","1,918 ","3,269 "
서울특별시,성북구,장위1동,"21,020 ","1,669 ","3,451 "
서울특별시,성북구,장위2동,"14,795 ","1,027 ","3,078 "
서울특별시,성북구,장위3동,"11,490 ","1,224 ","1,890 "
서울특별시,성북구,성북동,"17,363 ","1,418 ","2,924 "
서울특별시,성북구,삼선동,"26,409 ","2,244 ","3,997 "
서울특별시,성북구,동선동,"15,539 ",999 ,"2,149 "
서울특별시,성북구,종암동,"40,931 ","4,734 ","6,109 "
서울특별시,성북구,석관동,"33,153 ","2,788 ","5,958 "
서울특별시,강북구,번1동,"19,572 ","1,239 ","3,336 "
서울특별시,강북구,번2동,"17,381 ","1,313 ","3,657 "
서울특별시,강북구,번3동,"18,889 ","1,702 ","4,377 "
서울특별시,강북구,수유1동,"22,065 ","1,749 ","4,044 "
서울특별시,강북구,수유2동,"22,379 ","1,795 ","4,322 "
서울특별시,강북구,수유3동,"23,863 ","1,442 ","4,106 "
서울특별시,강북구,삼양동,"26,379 ","2,377 ","4,639 "
서울특별시,강북구,미아동,"22,707 ","1,532 ","4,056 "
서울특별시,강북구,송중동,"28,967 ","2,282 ","5,296 "
서울특별시,강북구,송천동,"29,023 ","2,074 ","5,583 "
서울특별시,강북구,삼각산동,"33,387 ","5,190 ","3,972 "
서울특별시,강북구,우이동,"21,760 ","1,883 ","4,376 "
서울특별시,강북구,인수동,"32,792 ","2,800 ","6,339 "
서울특별시,도봉구,쌍문1동,"22,185 ","1,960 ","3,970 "
서울특별시,도봉구,쌍문2동,"20,387 ","1,759 ","3,450 "
서울특별시,도봉구,쌍문3동,"17,234 ","1,327 ","3,117 "
서울특별시,도봉구,쌍문4동,"20,053 ","2,137 ","2,587 "
서울특별시,도봉구,방학1동,"30,255 ","2,638 ","5,027 "
서울특별시,도봉구,방학2동,"21,440 ","1,684 ","3,891 "
서울특별시,도봉구,방학3동,"29,269 ","3,379 ","4,161 "
서울특별시,도봉구,창1동,"26,571 ","2,795 ","4,035 "
서울특별시,도봉구,창2동,"31,074 ","3,132 ","4,550 "
서울특별시,도봉구,창3동,"15,050 ","1,356 ","2,669 "
서울특별시,도봉구,창4동,"28,379 ","3,189 ","3,751 "
서울특별시,도봉구,창5동,"25,927 ","2,529 ","3,827 "
서울특별시,도봉구,도봉1동,"22,686 ","1,553 ","5,132 "
서울특별시,도봉구,도봉2동,"28,903 ","2,640 ","5,759 "
서울특별시,노원구,월계1동,"23,575 ","2,197 ","3,925 "
서울특별시,노원구,월계2동,"26,541 ","2,627 ","4,904 "
서울특별시,노원구,월계3동,"32,309 ","3,699 ","5,334 "
서울특별시,노원구,공릉2동,"41,026 ","5,096 ","4,605 "
서울특별시,노원구,하계1동,"29,377 ","2,400 ","3,860 "
서울특별시,노원구,하계2동,"23,792 ","2,864 ","2,873 "
서울특별시,노원구,중계본동,"26,780 ","3,340 ","2,522 "
서울특별시,노원구,중계1동,"28,265 ","4,304 ","2,184 "
서울특별시,노원구,중계4동,"21,758 ","2,161 ","3,624 "
서울특별시,노원구,상계1동,"40,844 ","3,960 ","6,126 "
서울특별시,노원구,상계2동,"21,447 ","1,766 ","3,004 "
서울특별시,노원구,상계5동,"26,084 ","2,073 ","4,633 "
서울특별시,노원구,상계8동,"24,374 ","3,832 ","2,499 "
서울특별시,노원구,상계9동,"22,264 ","2,510 ","2,950 "
서울특별시,노원구,상계10동,"16,959 ","1,698 ","2,010 "
서울특별시,노원구,상계3.4동,"26,476 ","2,094 ","5,469 "
서울특별시,노원구,상계6.7동,"35,315 ","4,283 ","4,311 "
서울특별시,노원구,중계2.3동,"37,627 ","3,818 ","6,636 "
서울특별시,노원구,공릉1동,"38,939 ","3,552 ","5,563 "
서울특별시,은평구,녹번동,"34,500 ","3,175 ","5,907 "
서울특별시,은평구,불광1동,"41,260 ","4,017 ","7,068 "
서울특별시,은평구,갈현1동,"24,899 ","1,877 ","4,095 "
서울특별시,은평구,갈현2동,"30,301 ","2,805 ","4,523 "
서울특별시,은평구,구산동,"33,894 ","3,267 ","5,565 "
서울특별시,은평구,대조동,"32,186 ","2,459 ","5,293 "
서울특별시,은평구,응암1동,"25,882 ","2,772 ","3,939 "
서울특별시,은평구,응암2동,"20,878 ","3,063 ","2,820 "
서울특별시,은평구,신사1동,"28,693 ","2,714 ","4,436 "
서울특별시,은평구,신사2동,"22,086 ","2,098 ","3,446 "
서울특별시,은평구,증산동,"16,297 ","1,409 ","2,876 "
서울특별시,은평구,수색동,"11,169 ",833 ,"2,092 "
서울특별시,은평구,진관동,"56,253 ","8,884 ","7,070 "
서울특별시,은평구,불광2동,"29,612 ","2,106 ","5,315 "
서울특별시,은평구,응암3동,"26,079 ","1,833 ","5,238 "
서울특별시,은평구,역촌동,"49,208 ","4,932 ","7,580 "
서울특별시,서대문구,천연동,"18,787 ","2,113 ","3,160 "
서울특별시,서대문구,홍제1동,"22,831 ","2,192 ","3,985 "
서울특별시,서대문구,홍제3동,"16,449 ","1,268 ","3,318 "
서울특별시,서대문구,홍제2동,"14,814 ","1,413 ","2,571 "
서울특별시,서대문구,홍은1동,"23,814 ","2,158 ","4,346 "
서울특별시,서대문구,홍은2동,"28,321 ","2,464 ","4,671 "
서울특별시,서대문구,남가좌1동,"16,811 ","2,987 ","2,071 "
서울특별시,서대문구,남가좌2동,"24,291 ","2,432 ","4,046 "
서울특별시,서대문구,북가좌1동,"19,150 ","2,542 ","2,759 "
서울특별시,서대문구,북가좌2동,"33,921 ","2,940 ","5,717 "
서울특별시,서대문구,충현동,"17,857 ","1,254 ","3,047 "
서울특별시,서대문구,북아현동,"17,393 ","1,903 ","2,229 "
서울특별시,서대문구,신촌동,"18,522 ","1,306 ","2,114 "
서울특별시,서대문구,연희동,"37,352 ","2,882 ","6,011 "
서울특별시,마포구,용강동,"22,081 ","3,358 ","2,714 "
서울특별시,마포구,대흥동,"11,755 ",689 ,"1,835 "
서울특별시,마포구,염리동,"12,088 ","1,350 ","1,777 "
서울특별시,마포구,신수동,"21,305 ","2,328 ","2,987 "
서울특별시,마포구,서교동,"24,559 ","1,531 ","3,292 "
서울특별시,마포구,합정동,"19,145 ","1,813 ","2,556 "
서울특별시,마포구,망원1동,"21,760 ","1,820 ","3,240 "
서울특별시,마포구,망원2동,"19,453 ","2,075 ","2,796 "
서울특별시,마포구,연남동,"16,315 ","1,085 ","2,345 "
서울특별시,마포구,성산1동,"20,046 ","1,748 ","2,764 "
서울특별시,마포구,성산2동,"41,478 ","4,493 ","5,665 "
서울특별시,마포구,상암동,"32,988 ","5,290 ","3,636 "
서울특별시,마포구,도화동,"22,557 ","2,343 ","3,481 "
서울특별시,마포구,서강동,"24,786 ","2,629 ","2,892 "
서울특별시,마포구,공덕동,"39,740 ","3,343 ","5,733 "
서울특별시,마포구,아현동,"25,021 ","3,317 ","2,831 "
서울특별시,양천구,목1동,"32,286 ","5,254 ","2,732 "
서울특별시,양천구,목2동,"31,504 ","2,997 ","3,577 "
서울특별시,양천구,목3동,"23,045 ","2,029 ","2,906 "
서울특별시,양천구,목4동,"27,091 ","2,868 ","2,902 "
서울특별시,양천구,신월1동,"22,026 ","1,796 ","3,629 "
서울특별시,양천구,신월2동,"22,656 ","2,477 ","3,421 "
서울특별시,양천구,신월3동,"16,934 ","1,503 ","2,699 "
서울특별시,양천구,신월4동,"19,222 ","2,514 ","2,758 "
서울특별시,양천구,신월5동,"15,611 ","1,689 ","2,095 "
서울특별시,양천구,신월6동,"6,780 ",704 ,"1,043 "
서울특별시,양천구,신월7동,"22,193 ","1,990 ","3,842 "
서울특별시,양천구,신정1동,"21,492 ","3,167 ","2,357 "
서울특별시,양천구,신정2동,"20,869 ","2,505 ","2,350 "
서울특별시,양천구,신정3동,"48,320 ","6,401 ","6,063 "
서울특별시,양천구,신정6동,"25,473 ","3,543 ","2,299 "
서울특별시,양천구,신정7동,"29,984 ","3,207 ","4,264 "
서울특별시,양천구,목5동,"43,336 ","6,757 ","3,746 "
서울특별시,양천구,신정4동,"35,363 ","2,949 ","5,258 "
서울특별시,강서구,염창동,"40,905 ","6,311 ","3,661 "
서울특별시,강서구,등촌1동,"23,352 ","2,034 ","2,529 "
서울특별시,강서구,등촌2동,"21,991 ","2,161 ","2,800 "
서울특별시,강서구,등촌3동,"33,085 ","2,677 ","5,704 "
서울특별시,강서구,화곡본동,"35,944 ","3,844 ","4,319 "
서울특별시,강서구,화곡2동,"19,713 ","2,201 ","2,558 "
서울특별시,강서구,화곡3동,"22,550 ","2,097 ","3,500 "
서울특별시,강서구,화곡4동,"22,331 ","1,996 ","3,329 "
서울특별시,강서구,화곡6동,"24,634 ","2,164 ","3,373 "
서울특별시,강서구,화곡8동,"26,311 ","2,422 ","3,856 "
서울특별시,강서구,가양1동,"33,189 ","2,795 ","2,559 "
서울특별시,강서구,가양2동,"15,671 ",760 ,"3,446 "
서울특별시,강서구,가양3동,"16,392 ","1,126 ","3,148 "
서울특별시,강서구,발산1동,"38,693 ","6,097 ","4,136 "
서울특별시,강서구,공항동,"27,705 ","3,537 ","3,486 "
서울특별시,강서구,방화1동,"45,991 ","6,863 ","5,735 "
서울특별시,강서구,방화2동,"24,108 ","1,960 ","4,298 "
서울특별시,강서구,방화3동,"24,744 ","2,356 ","4,445 "
서울특별시,강서구,화곡1동,"53,525 ","4,350 ","7,391 "
서울특별시,강서구,우장산동,"46,115 ","6,703 ","5,172 "
서울특별시,구로구,신도림동,"37,255 ","5,495 ","4,089 "
서울특별시,구로구,구로1동,"21,471 ","3,036 ","2,108 "
서울특별시,구로구,구로3동,"24,954 ","2,303 ","3,074 "
서울특별시,구로구,구로4동,"21,519 ","1,553 ","4,072 "
서울특별시,구로구,구로5동,"30,330 ","2,832 ","4,116 "
서울특별시,구로구,고척1동,"24,213 ","2,438 ","3,765 "
서울특별시,구로구,고척2동,"28,890 ","3,163 ","4,402 "
서울특별시,구로구,개봉2동,"33,219 ","3,734 ","5,418 "
서울특별시,구로구,개봉3동,"21,658 ","2,167 ","3,500 "
서울특별시,구로구,오류1동,"21,952 ","1,854 ","3,503 "
서울특별시,구로구,오류2동,"44,638 ","6,509 ","6,668 "
서울특별시,구로구,수궁동,"25,099 ","2,728 ","3,747 "
서울특별시,구로구,가리봉동,"9,716 ",447 ,"1,892 "
서울특별시,구로구,구로2동,"26,083 ","1,738 ","5,162 "
서울특별시,구로구,개봉1동,"33,500 ","3,318 ","5,589 "
서울특별시,금천구,가산동,"20,684 ","1,134 ","2,223 "
서울특별시,금천구,독산1동,"39,284 ","4,064 ","4,967 "
서울특별시,금천구,독산2동,"20,086 ","1,574 ","3,013 "
서울특별시,금천구,독산3동,"25,632 ","1,795 ","4,012 "
서울특별시,금천구,독산4동,"16,472 ","1,229 ","2,584 "
서울특별시,금천구,시흥1동,"34,527 ","3,182 ","5,415 "
서울특별시,금천구,시흥2동,"23,137 ","2,792 ","3,631 "
서울특별시,금천구,시흥3동,"11,578 ",966 ,"2,092 "
서울특별시,금천구,시흥4동,"21,898 ","1,977 ","3,530 "
서울특별시,금천구,시흥5동,"20,619 ","1,615 ","3,887 "
서울특별시,영등포구,여의동,"33,572 ","4,257 ","5,661 "
서울특별시,영등포구,당산1동,"20,831 ","1,706 ","3,063 "
서울특별시,영등포구,당산2동,"35,740 ","3,729 ","4,127 "
서울특별시,영등포구,양평1동,"17,633 ","1,803 ","2,349 "
서울특별시,영등포구,양평2동,"22,719 ","2,502 ","2,318 "
서울특별시,영등포구,신길1동,"17,515 ","1,056 ","3,061 "
서울특별시,영등포구,신길3동,"15,997 ","1,516 ","2,690 "
서울특별시,영등포구,신길4동,"9,299 ",625 ,"1,718 "
서울특별시,영등포구,신길5동,"9,772 ",748 ,"1,832 "
서울특별시,영등포구,신길6동,"18,437 ","1,606 ","2,951 "
서울특별시,영등포구,신길7동,"17,002 ","2,186 ","1,920 "
서울특별시,영등포구,대림1동,"13,325 ",881 ,"2,603 "
서울특별시,영등포구,대림2동,"12,778 ",836 ,"2,622 "
서울특별시,영등포구,대림3동,"24,477 ","2,067 ","3,852 "
서울특별시,영등포구,영등포본동,"22,344 ","2,175 ","3,653 "
서울특별시,영등포구,영등포동,"25,350 ","1,540 ","3,211 "
서울특별시,영등포구,도림동,"18,985 ","1,546 ","3,060 "
서울특별시,영등포구,문래동,"32,002 ","4,731 ","4,215 "
서울특별시,동작구,노량진2동,"13,203 ",639 ,"2,494 "
서울특별시,동작구,상도1동,"46,169 ","4,887 ","6,317 "
서울특별시,동작구,상도2동,"27,341 ","3,044 ","3,957 "
서울특별시,동작구,상도3동,"25,735 ","2,169 ","3,988 "
서울특별시,동작구,상도4동,"29,836 ","2,798 ","4,499 "
서울특별시,동작구,사당1동,"23,359 ","1,331 ","3,347 "
서울특별시,동작구,사당3동,"26,435 ","3,013 ","4,087 "
서울특별시,동작구,사당4동,"14,875 ","1,146 ","2,351 "
서울특별시,동작구,사당5동,"13,055 ","1,333 ","1,932 "
서울특별시,동작구,대방동,"39,915 ","4,257 ","5,114 "
서울특별시,동작구,신대방1동,"24,244 ","2,831 ","3,309 "
서울특별시,동작구,신대방2동,"20,744 ","2,479 ","2,813 "
서울특별시,동작구,흑석동,"30,617 ","2,991 ","5,123 "
서울특별시,동작구,노량진1동,"32,444 ","3,027 ","5,189 "
서울특별시,동작구,사당2동,"28,231 ","2,729 ","4,745 "
서울특별시,관악구,보라매동,"25,230 ","2,044 ","4,001 "
서울특별시,관악구,청림동,"16,384 ","2,072 ","2,564 "
서울특별시,관악구,행운동,"29,876 ","1,976 ","3,975 "
서울특별시,관악구,낙성대동,"16,958 ","1,205 ","1,895 "
서울특별시,관악구,중앙동,"15,284 ",719 ,"2,243 "
서울특별시,관악구,인헌동,"26,899 ","2,096 ","3,592 "
서울특별시,관악구,남현동,"18,782 ","1,563 ","2,463 "
서울특별시,관악구,서원동,"23,077 ","1,120 ","3,017 "
서울특별시,관악구,신원동,"18,780 ","1,129 ","3,007 "
서울특별시,관악구,서림동,"24,239 ","1,469 ","3,207 "
서울특별시,관악구,신사동,"23,108 ","1,432 ","3,162 "
서울특별시,관악구,신림동,"21,363 ",642 ,"1,799 "
서울특별시,관악구,난향동,"16,568 ","2,087 ","2,517 "
서울특별시,관악구,조원동,"17,606 ","1,217 ","2,489 "
서울특별시,관악구,대학동,"23,824 ","1,219 ","2,580 "
서울특별시,관악구,은천동,"35,080 ","3,781 ","5,266 "
서울특별시,관악구,성현동,"32,810 ","3,746 ","5,242 "
서울특별시,관악구,청룡동,"28,789 ","1,576 ","3,625 "
서울특별시,관악구,난곡동,"28,870 ","2,405 ","4,828 "
서울특별시,관악구,삼성동,"25,878 ","1,774 ","5,340 "
서울특별시,관악구,미성동,"32,552 ","2,977 ","5,076 "
서울특별시,서초구,서초1동,"21,327 ","2,429 ","2,708 "
서울특별시,서초구,서초2동,"18,178 ","2,162 ","2,017 "
서울특별시,서초구,서초3동,"30,455 ","2,668 ","4,256 "
서울특별시,서초구,서초4동,"31,534 ","4,952 ","3,708 "
서울특별시,서초구,잠원동,"34,740 ","4,423 ","3,628 "
서울특별시,서초구,반포본동,"12,528 ","1,416 ","1,828 "
서울특별시,서초구,반포1동,"31,761 ","4,579 ","3,061 "
서울특별시,서초구,반포2동,"16,594 ","3,389 ","1,800 "
서울특별시,서초구,반포3동,"20,380 ","3,018 ","2,342 "
서울특별시,서초구,반포4동,"20,040 ","2,716 ","2,538 "
서울특별시,서초구,방배본동,"21,549 ","2,680 ","2,795 "
서울특별시,서초구,방배1동,"17,576 ","1,697 ","2,570 "
서울특별시,서초구,방배2동,"22,340 ","2,087 ","3,430 "
서울특별시,서초구,방배3동,"22,137 ","2,060 ","3,407 "
서울특별시,서초구,방배4동,"24,107 ","2,761 ","3,156 "
서울특별시,서초구,양재1동,"46,332 ","7,001 ","5,964 "
서울특별시,서초구,양재2동,"23,757 ","2,438 ","2,626 "
서울특별시,서초구,내곡동,"18,616 ","2,973 ","2,829 "
서울특별시,강남구,신사동,"17,564 ","1,782 ","2,822 "
서울특별시,강남구,논현1동,"23,460 ","1,183 ","2,725 "
서울특별시,강남구,논현2동,"22,007 ","1,800 ","2,907 "
서울특별시,강남구,삼성1동,"14,899 ","1,501 ","2,004 "
서울특별시,강남구,삼성2동,"30,252 ","4,029 ","3,140 "
서울특별시,강남구,대치1동,"25,526 ","4,231 ","2,192 "
서울특별시,강남구,대치4동,"20,965 ","1,515 ","1,855 "
서울특별시,강남구,역삼1동,"35,865 ","1,714 ","3,383 "
서울특별시,강남구,역삼2동,"36,477 ","5,216 ","3,350 "
서울특별시,강남구,도곡1동,"22,675 ","2,834 ","2,632 "
서울특별시,강남구,도곡2동,"34,586 ","4,726 ","4,186 "
서울특별시,강남구,개포1동,"7,771 ",681 ,"1,534 "
서울특별시,강남구,개포4동,"18,773 ","1,859 ","2,111 "
서울특별시,강남구,일원본동,"24,750 ","3,799 ","2,498 "
서울특별시,강남구,일원1동,"16,940 ","1,366 ","2,871 "
서울특별시,강남구,일원2동,"16,527 ","1,666 ","2,681 "
서울특별시,강남구,수서동,"16,336 ","1,001 ","3,811 "
서울특별시,강남구,세곡동,"45,241 ","7,373 ","5,754 "
서울특별시,강남구,압구정동,"27,994 ","3,632 ","4,682 "
서울특별시,강남구,청담동,"29,936 ","3,402 ","3,849 "
서울특별시,강남구,대치2동,"39,991 ","4,157 ","4,171 "
서울특별시,강남구,개포2동,"13,829 ","1,336 ","1,799 "
서울특별시,송파구,풍납1동,"15,440 ","1,245 ","2,620 "
서울특별시,송파구,풍납2동,"24,939 ","2,876 ","3,089 "
서울특별시,송파구,거여1동,"13,232 ","1,151 ","2,021 "
서울특별시,송파구,거여2동,"17,222 ","1,708 ","2,869 "
서울특별시,송파구,마천1동,"21,141 ","2,017 ","3,794 "
서울특별시,송파구,마천2동,"20,488 ","1,649 ","3,631 "
서울특별시,송파구,방이1동,"16,506 ","1,821 ","1,874 "
서울특별시,송파구,방이2동,"25,333 ","1,905 ","2,998 "
서울특별시,송파구,오륜동,"19,228 ","2,567 ","2,262 "
서울특별시,송파구,오금동,"40,749 ","4,244 ","5,347 "
서울특별시,송파구,송파1동,"25,941 ","2,123 ","3,059 "
서울특별시,송파구,송파2동,"21,014 ","2,431 ","2,550 "
서울특별시,송파구,석촌동,"33,992 ","2,813 ","3,996 "
서울특별시,송파구,삼전동,"33,014 ","2,826 ","3,516 "
서울특별시,송파구,가락본동,"27,997 ","2,525 ","3,187 "
서울특별시,송파구,가락1동,"1,104 ",130 ,127 
서울특별시,송파구,가락2동,"34,243 ","4,371 ","3,572 "
서울특별시,송파구,문정1동,"21,512 ","1,996 ","2,542 "
서울특별시,송파구,문정2동,"30,003 ","2,363 ","3,363 "
서울특별시,송파구,장지동,"34,681 ","4,201 ","4,055 "
서울특별시,송파구,위례동,"28,780 ","6,676 ","1,849 "
서울특별시,송파구,잠실본동,"29,123 ","2,234 ","3,293 "
서울특별시,송파구,잠실4동,"29,990 ","5,174 ","3,469 "
서울특별시,송파구,잠실6동,"17,314 ","2,048 ","2,369 "
서울특별시,송파구,잠실7동,"10,355 ","1,066 ","1,912 "
서울특별시,송파구,잠실2동,"36,944 ","7,280 ","3,056 "
서울특별시,송파구,잠실3동,"36,350 ","5,173 ","4,791 "
서울특별시,강동구,강일동,"32,781 ","5,212 ","4,329 "
서울특별시,강동구,상일동,"11,054 ","1,081 ","1,481 "
서울특별시,강동구,명일1동,"22,408 ","2,533 ","2,906 "
서울특별시,강동구,명일2동,"17,980 ","2,194 ","2,066 "
서울특별시,강동구,고덕1동,"27,379 ","4,963 ","2,488 "
서울특별시,강동구,고덕2동,"7,529 ",491 ,"1,385 "
서울특별시,강동구,암사2동,"14,654 ","1,762 ","1,967 "
서울특별시,강동구,암사3동,"18,896 ","3,018 ","2,195 "
서울특별시,강동구,천호1동,"28,838 ","2,349 ","4,543 "
서울특별시,강동구,천호3동,"27,990 ","2,223 ","4,223 "
서울특별시,강동구,성내1동,"20,867 ","2,458 ","2,719 "
서울특별시,강동구,성내2동,"24,982 ","1,811 ","3,820 "
서울특별시,강동구,성내3동,"23,896 ","2,114 ","3,216 "
서울특별시,강동구,둔촌1동,301 ,15 ,99 
서울특별시,강동구,둔촌2동,"28,126 ","2,980 ","3,728 "
서울특별시,강동구,암사1동,"37,433 ","3,643 ","5,327 "
서울특별시,강동구,천호2동,"35,638 ","2,749 ","5,533 "
서울특별시,강동구,길동,"46,821 ","4,116 ","6,644 "
